{
	"PRODUCTOS":[
		{"PRECIO":25,"ID":0,"DESCRIPCION":"PELÍCULA","NOMBRE":"WALL-E","VALORACIONES":5,"CATEGORIA":"INFANTIL"},
		{"PRECIO":50,"ID":1,"DESCRIPCION":"PELÍCULA","NOMBRE":"LOS INCREÍBLES","VALORACIONES":4,"CATEGORIA":"INFANTIL"},
		{"PRECIO":150,"ID":2,"DESCRIPCION":"PRIMERA TEMPORADA","NOMBRE":"GAME OF THRONES","VALORACIONES":4,"CATEGORIA":"FANTASÍA"},
		{"PRECIO":25,"ID":3,"DESCRIPCION":"PRIMERA TEMPORADA","NOMBRE":"THE TOYS THAT MADE US","VALORACIONES":3,"CATEGORIA":"DOCUMENTAL"},
		{"PRECIO":50,"ID":4,"DESCRIPCION":"PELÍCULA","NOMBRE":"MONSTERS INC","VALORACIONES":5,"CATEGORIA":"INFANTIL"},
		{"PRECIO":50,"ID":5,"DESCRIPCION":"PELÍCULA","NOMBRE":"MONSTERS UNIVERSITY","VALORACIONES":4,"CATEGORIA":"INFANTIL"},
		{"PRECIO":50,"ID":6,"DESCRIPCION":"PELÍCULA","NOMBRE":"CHICKEN LITTLE","VALORACIONES":5,"CATEGORIA":"INFANTIL"},
		{"PRECIO":50,"ID":7,"DESCRIPCION":"PELÍCULA","NOMBRE":"HIGH SCHOOL MUSICAL 1","VALORACIONES":4,"CATEGORIA":"MUSICAL"},
		{"PRECIO":50,"ID":8,"DESCRIPCION":"PELÍCULA","NOMBRE":"HIGH SCHOOL MUSICAL 2","VALORACIONES":4,"CATEGORIA":"MUSICAL"},
		{"PRECIO":50,"ID":9,"DESCRIPCION":"PELÍCULA","NOMBRE":"HIGH SCHOOL MUSICAL 3","VALORACIONES":4,"CATEGORIA":"MUSICAL"},
		{"PRECIO":50,"ID":10,"DESCRIPCION":"PELÍCULA","NOMBRE":"TOY STORY","VALORACIONES":5,"CATEGORIA":"INFANTIL"},
		{"PRECIO":50,"ID":11,"DESCRIPCION":"PELÍCULA","NOMBRE":"TOY STORY 2","VALORACIONES":5,"CATEGORIA":"INFANTIL"},
		{"PRECIO":50,"ID":12,"DESCRIPCION":"PELÍCULA","NOMBRE":"TOY STORY 3","VALORACIONES":4,"CATEGORIA":"INFANTIL"},
		{"PRECIO":50,"ID":13,"DESCRIPCION":"PELÍCULA","NOMBRE":"BUSCANDO A NEMO","VALORACIONES":4,"CATEGORIA":"INFANTIL"},
		{"PRECIO":50,"ID":14,"DESCRIPCION":"PELÍCULA","NOMBRE":"RATATOUILLE","VALORACIONES":4,"CATEGORIA":"INFANTIL"},
		{"PRECIO":50,"ID":15,"DESCRIPCION":"PELÍCULA","NOMBRE":"BICHOS","VALORACIONES":3,"CATEGORIA":"INFANTIL"},
		{"PRECIO":25,"ID":16,"DESCRIPCION":"PELÍCULA","NOMBRE":"EL REY LEON","VALORACIONES":8,"CATEGORIA":"INFANTIL"},
		
	],
	"ADMINS":[
		{"MAIL":"lulu.badillo@mango.com","CONTRASEÑA":"mangoeslomejor","ID":0},
		{"MAIL":"edvilme@mango.com","CONTRASEÑA":"mangoeslomejor","ID":1},
		{"MAIL":"valepi@mango.com","CONTRASEÑA":"3.14159265","ID":2}
	],
	"USUARIOS":[
		{"MAIL":"qwertyuiop","CONTRASEÑA":"123456","ID":0},
		{"MAIL":"edvilme","CONTRASEÑA":"12345","ID":1},
		{"MAIL":"juanca741@gmail.com","CONTRASEÑA":"juanca741"},
		{"MAIL":"lulu.badillo.csm@gmail.com","CONTRASEÑA":"holahola"}
	]
}
